<?xml version="1.0" encoding="UTF-8"?>
<project-private xmlns="http://www.netbeans.org/ns/project-private/1">
    <editor-bookmarks xmlns="http://www.netbeans.org/ns/editor-bookmarks/2" lastBookmarkId="0"/>
    <open-files xmlns="http://www.netbeans.org/ns/projectui-open-files/2">
        <group>
            <file>file:/C:/Users/adria/Desktop/PROYECTO%20DTE/PHPUNIT%20PROYECTO/Calculator.php</file>
            <file>file:/C:/Users/adria/Desktop/PROYECTO%20DTE/PHPUNIT%20PROYECTO/Email.php</file>
            <file>file:/C:/Users/adria/Desktop/PROYECTO%20DTE/PHPUNIT%20PROYECTO/PHPUNITTESTS/CalculatorTest.php</file>
            <file>file:/C:/Users/adria/Desktop/PROYECTO%20DTE/PHPUNIT%20PROYECTO/PHPUNITTESTS/EmailTest.php</file>
        </group>
    </open-files>
</project-private>
